{
	"ambient.cave.cave1": {
		"category": "ambient",
		"sounds": [
			"ambient/cave/cave1"
		]
	},
	"ambient.cave.cave10": {
		"category": "ambient",
		"sounds": [
			"ambient/cave/cave10"
		]
	},
	"ambient.cave.cave11": {
		"category": "ambient",
		"sounds": [
			"ambient/cave/cave11"
		]
	},
	"ambient.cave.cave12": {
		"category": "ambient",
		"sounds": [
			"ambient/cave/cave12"
		]
	},
	"ambient.cave.cave13": {
		"category": "ambient",
		"sounds": [
			"ambient/cave/cave13"
		]
	},
	"ambient.cave.cave2": {
		"category": "ambient",
		"sounds": [
			"ambient/cave/cave2"
		]
	},
	"ambient.cave.cave3": {
		"category": "ambient",
		"sounds": [
			"ambient/cave/cave3"
		]
	},
	"ambient.cave.cave4": {
		"category": "ambient",
		"sounds": [
			"ambient/cave/cave4"
		]
	},
	"ambient.cave.cave5": {
		"category": "ambient",
		"sounds": [
			"ambient/cave/cave5"
		]
	},
	"ambient.cave.cave6": {
		"category": "ambient",
		"sounds": [
			"ambient/cave/cave6"
		]
	},
	"ambient.cave.cave7": {
		"category": "ambient",
		"sounds": [
			"ambient/cave/cave7"
		]
	},
	"ambient.cave.cave8": {
		"category": "ambient",
		"sounds": [
			"ambient/cave/cave8"
		]
	},
	"ambient.cave.cave9": {
		"category": "ambient",
		"sounds": [
			"ambient/cave/cave9"
		]
	},
	"ambient.weather.rain1": {
		"category": "weather",
		"sounds": [
			"ambient/weather/rain1"
		]
	},
	"ambient.weather.rain2": {
		"category": "weather",
		"sounds": [
			"ambient/weather/rain2"
		]
	},
	"ambient.weather.rain3": {
		"category": "weather",
		"sounds": [
			"ambient/weather/rain3"
		]
	},
	"ambient.weather.rain4": {
		"category": "weather",
		"sounds": [
			"ambient/weather/rain4"
		]
	},
	"ambient.weather.thunder1": {
		"category": "weather",
		"sounds": [
			"ambient/weather/thunder1"
		]
	},
	"ambient.weather.thunder2": {
		"category": "weather",
		"sounds": [
			"ambient/weather/thunder2"
		]
	},
	"ambient.weather.thunder3": {
		"category": "weather",
		"sounds": [
			"ambient/weather/thunder3"
		]
	},
	"damage.fallbig": {
		"category": "neutral",
		"sounds": [
			"damage/fallbig"
		]
	},
	"damage.fallsmall": {
		"category": "neutral",
		"sounds": [
			"damage/fallsmall"
		]
	},
	"damage.hit1": {
		"category": "neutral",
		"sounds": [
			"damage/hit1"
		]
	},
	"damage.hit2": {
		"category": "neutral",
		"sounds": [
			"damage/hit2"
		]
	},
	"damage.hit3": {
		"category": "neutral",
		"sounds": [
			"damage/hit3"
		]
	},
	"dig.cloth1": {
		"category": "block",
		"sounds": [
			"dig/cloth1"
		]
	},
	"dig.cloth2": {
		"category": "block",
		"sounds": [
			"dig/cloth2"
		]
	},
	"dig.cloth3": {
		"category": "block",
		"sounds": [
			"dig/cloth3"
		]
	},
	"dig.cloth4": {
		"category": "block",
		"sounds": [
			"dig/cloth4"
		]
	},
	"dig.grass1": {
		"category": "block",
		"sounds": [
			"dig/grass1"
		]
	},
	"dig.grass2": {
		"category": "block",
		"sounds": [
			"dig/grass2"
		]
	},
	"dig.grass3": {
		"category": "block",
		"sounds": [
			"dig/grass3"
		]
	},
	"dig.grass4": {
		"category": "block",
		"sounds": [
			"dig/grass4"
		]
	},
	"dig.gravel1": {
		"category": "block",
		"sounds": [
			"dig/gravel1"
		]
	},
	"dig.gravel2": {
		"category": "block",
		"sounds": [
			"dig/gravel2"
		]
	},
	"dig.gravel3": {
		"category": "block",
		"sounds": [
			"dig/gravel3"
		]
	},
	"dig.gravel4": {
		"category": "block",
		"sounds": [
			"dig/gravel4"
		]
	},
	"dig.sand1": {
		"category": "block",
		"sounds": [
			"dig/sand1"
		]
	},
	"dig.sand2": {
		"category": "block",
		"sounds": [
			"dig/sand2"
		]
	},
	"dig.sand3": {
		"category": "block",
		"sounds": [
			"dig/sand3"
		]
	},
	"dig.sand4": {
		"category": "block",
		"sounds": [
			"dig/sand4"
		]
	},
	"dig.snow1": {
		"category": "block",
		"sounds": [
			"dig/snow1"
		]
	},
	"dig.snow2": {
		"category": "block",
		"sounds": [
			"dig/snow2"
		]
	},
	"dig.snow3": {
		"category": "block",
		"sounds": [
			"dig/snow3"
		]
	},
	"dig.snow4": {
		"category": "block",
		"sounds": [
			"dig/snow4"
		]
	},
	"dig.stone1": {
		"category": "block",
		"sounds": [
			"dig/stone1"
		]
	},
	"dig.stone2": {
		"category": "block",
		"sounds": [
			"dig/stone2"
		]
	},
	"dig.stone3": {
		"category": "block",
		"sounds": [
			"dig/stone3"
		]
	},
	"dig.stone4": {
		"category": "block",
		"sounds": [
			"dig/stone4"
		]
	},
	"dig.wood1": {
		"category": "block",
		"sounds": [
			"dig/wood1"
		]
	},
	"dig.wood2": {
		"category": "block",
		"sounds": [
			"dig/wood2"
		]
	},
	"dig.wood3": {
		"category": "block",
		"sounds": [
			"dig/wood3"
		]
	},
	"dig.wood4": {
		"category": "block",
		"sounds": [
			"dig/wood4"
		]
	},
	"fireworks.blast1": {
		"category": "ambient",
		"sounds": [
			"fireworks/blast1"
		]
	},
	"fireworks.blast_far1": {
		"category": "ambient",
		"sounds": [
			"fireworks/blast_far1"
		]
	},
	"fireworks.largeblast1": {
		"category": "ambient",
		"sounds": [
			"fireworks/largeblast1"
		]
	},
	"fireworks.largeblast_far1": {
		"category": "ambient",
		"sounds": [
			"fireworks/largeblast_far1"
		]
	},
	"fireworks.launch1": {
		"category": "ambient",
		"sounds": [
			"fireworks/launch1"
		]
	},
	"fireworks.twinkle1": {
		"category": "ambient",
		"sounds": [
			"fireworks/twinkle1"
		]
	},
	"fireworks.twinkle_far1": {
		"category": "ambient",
		"sounds": [
			"fireworks/twinkle_far1"
		]
	},
	"liquid.splash": {
		"category": "neutral",
		"sounds": [
			"liquid/splash"
		]
	},
	"liquid.splash2": {
		"category": "neutral",
		"sounds": [
			"liquid/splash2"
		]
	},
	"liquid.swim1": {
		"category": "neutral",
		"sounds": [
			"liquid/swim1"
		]
	},
	"liquid.swim2": {
		"category": "neutral",
		"sounds": [
			"liquid/swim2"
		]
	},
	"liquid.swim3": {
		"category": "neutral",
		"sounds": [
			"liquid/swim3"
		]
	},
	"liquid.swim4": {
		"category": "neutral",
		"sounds": [
			"liquid/swim4"
		]
	},
	"mob.bat.hurt1": {
		"category": "neutral",
		"sounds": [
			"mob/bat/hurt1"
		]
	},
	"mob.bat.hurt2": {
		"category": "neutral",
		"sounds": [
			"mob/bat/hurt2"
		]
	},
	"mob.bat.hurt3": {
		"category": "neutral",
		"sounds": [
			"mob/bat/hurt3"
		]
	},
	"mob.bat.hurt4": {
		"category": "neutral",
		"sounds": [
			"mob/bat/hurt4"
		]
	},
	"mob.bat.idle1": {
		"category": "neutral",
		"sounds": [
			"mob/bat/idle1"
		]
	},
	"mob.bat.idle2": {
		"category": "neutral",
		"sounds": [
			"mob/bat/idle2"
		]
	},
	"mob.bat.idle3": {
		"category": "neutral",
		"sounds": [
			"mob/bat/idle3"
		]
	},
	"mob.bat.idle4": {
		"category": "neutral",
		"sounds": [
			"mob/bat/idle4"
		]
	},
	"mob.blaze.breathe1": {
		"category": "hostile",
		"sounds": [
			"mob/blaze/breathe1"
		]
	},
	"mob.blaze.breathe2": {
		"category": "hostile",
		"sounds": [
			"mob/blaze/breathe2"
		]
	},
	"mob.blaze.breathe3": {
		"category": "hostile",
		"sounds": [
			"mob/blaze/breathe3"
		]
	},
	"mob.blaze.breathe4": {
		"category": "hostile",
		"sounds": [
			"mob/blaze/breathe4"
		]
	},
	"mob.blaze.hit1": {
		"category": "hostile",
		"sounds": [
			"mob/blaze/hit1"
		]
	},
	"mob.blaze.hit2": {
		"category": "hostile",
		"sounds": [
			"mob/blaze/hit2"
		]
	},
	"mob.blaze.hit3": {
		"category": "hostile",
		"sounds": [
			"mob/blaze/hit3"
		]
	},
	"mob.blaze.hit4": {
		"category": "hostile",
		"sounds": [
			"mob/blaze/hit4"
		]
	},
	"mob.cat.hiss1": {
		"category": "neutral",
		"sounds": [
			"mob/cat/hiss1"
		]
	},
	"mob.cat.hiss2": {
		"category": "neutral",
		"sounds": [
			"mob/cat/hiss2"
		]
	},
	"mob.cat.hiss3": {
		"category": "neutral",
		"sounds": [
			"mob/cat/hiss3"
		]
	},
	"mob.cat.hitt1": {
		"category": "neutral",
		"sounds": [
			"mob/cat/hitt1"
		]
	},
	"mob.cat.hitt2": {
		"category": "neutral",
		"sounds": [
			"mob/cat/hitt2"
		]
	},
	"mob.cat.hitt3": {
		"category": "neutral",
		"sounds": [
			"mob/cat/hitt3"
		]
	},
	"mob.cat.meow1": {
		"category": "neutral",
		"sounds": [
			"mob/cat/meow1"
		]
	},
	"mob.cat.meow2": {
		"category": "neutral",
		"sounds": [
			"mob/cat/meow2"
		]
	},
	"mob.cat.meow3": {
		"category": "neutral",
		"sounds": [
			"mob/cat/meow3"
		]
	},
	"mob.cat.meow4": {
		"category": "neutral",
		"sounds": [
			"mob/cat/meow4"
		]
	},
	"mob.cat.purr1": {
		"category": "neutral",
		"sounds": [
			"mob/cat/purr1"
		]
	},
	"mob.cat.purr2": {
		"category": "neutral",
		"sounds": [
			"mob/cat/purr2"
		]
	},
	"mob.cat.purr3": {
		"category": "neutral",
		"sounds": [
			"mob/cat/purr3"
		]
	},
	"mob.cat.purreow1": {
		"category": "neutral",
		"sounds": [
			"mob/cat/purreow1"
		]
	},
	"mob.cat.purreow2": {
		"category": "neutral",
		"sounds": [
			"mob/cat/purreow1"
		]
	},
	"mob.chicken.hurt1": {
		"category": "neutral",
		"sounds": [
			"mob/chicken/hurt1"
		]
	},
	"mob.chicken.hurt2": {
		"category": "neutral",
		"sounds": [
			"mob/chicken/hurt2"
		]
	},
	"mob.chicken.say1": {
		"category": "neutral",
		"sounds": [
			"mob/chicken/say1"
		]
	},
	"mob.chicken.say2": {
		"category": "neutral",
		"sounds": [
			"mob/chicken/say2"
		]
	},
	"mob.chicken.say3": {
		"category": "neutral",
		"sounds": [
			"mob/chicken/say3"
		]
	},
	"mob.chicken.step1": {
		"category": "neutral",
		"sounds": [
			"mob/chicken/step1"
		]
	},
	"mob.chicken.step2": {
		"category": "neutral",
		"sounds": [
			"mob/chicken/step2"
		]
	},
	"mob.cow.hurt1": {
		"category": "neutral",
		"sounds": [
			"mob/cow/hurt1"
		]
	},
	"mob.cow.hurt2": {
		"category": "neutral",
		"sounds": [
			"mob/cow/hurt2"
		]
	},
	"mob.cow.hurt3": {
		"category": "neutral",
		"sounds": [
			"mob/cow/hurt3"
		]
	},
	"mob.cow.say1": {
		"category": "neutral",
		"sounds": [
			"mob/cow/say1"
		]
	},
	"mob.cow.say2": {
		"category": "neutral",
		"sounds": [
			"mob/cow/say2"
		]
	},
	"mob.cow.say3": {
		"category": "neutral",
		"sounds": [
			"mob/cow/say3"
		]
	},
	"mob.cow.say4": {
		"category": "neutral",
		"sounds": [
			"mob/cow/say4"
		]
	},
	"mob.cow.step1": {
		"category": "neutral",
		"sounds": [
			"mob/cow/step1"
		]
	},
	"mob.cow.step2": {
		"category": "neutral",
		"sounds": [
			"mob/cow/step2"
		]
	},
	"mob.cow.step3": {
		"category": "neutral",
		"sounds": [
			"mob/cow/step3"
		]
	},
	"mob.cow.step4": {
		"category": "neutral",
		"sounds": [
			"mob/cow/step4"
		]
	},
	"mob.creeper.say1": {
		"category": "hostile",
		"sounds": [
			"mob/creeper/say1"
		]
	},
	"mob.creeper.say2": {
		"category": "hostile",
		"sounds": [
			"mob/creeper/say2"
		]
	},
	"mob.creeper.say3": {
		"category": "hostile",
		"sounds": [
			"mob/creeper/say3"
		]
	},
	"mob.creeper.say4": {
		"category": "hostile",
		"sounds": [
			"mob/creeper/say4"
		]
	},
	"mob.enderdragon.growl1": {
		"category": "hostile",
		"sounds": [
			"mob/enderdragon/growl1"
		]
	},
	"mob.enderdragon.growl2": {
		"category": "hostile",
		"sounds": [
			"mob/enderdragon/growl2"
		]
	},
	"mob.enderdragon.growl3": {
		"category": "hostile",
		"sounds": [
			"mob/enderdragon/growl3"
		]
	},
	"mob.enderdragon.growl4": {
		"category": "hostile",
		"sounds": [
			"mob/enderdragon/growl4"
		]
	},
	"mob.enderdragon.hit1": {
		"category": "hostile",
		"sounds": [
			"mob/enderdragon/hit1"
		]
	},
	"mob.enderdragon.hit2": {
		"category": "hostile",
		"sounds": [
			"mob/enderdragon/hit2"
		]
	},
	"mob.enderdragon.hit3": {
		"category": "hostile",
		"sounds": [
			"mob/enderdragon/hit3"
		]
	},
	"mob.enderdragon.hit4": {
		"category": "hostile",
		"sounds": [
			"mob/enderdragon/hit4"
		]
	},
	"mob.enderdragon.wings1": {
		"category": "hostile",
		"sounds": [
			"mob/enderdragon/wings1"
		]
	},
	"mob.enderdragon.wings2": {
		"category": "hostile",
		"sounds": [
			"mob/enderdragon/wings2"
		]
	},
	"mob.enderdragon.wings3": {
		"category": "hostile",
		"sounds": [
			"mob/enderdragon/wings3"
		]
	},
	"mob.enderdragon.wings4": {
		"category": "hostile",
		"sounds": [
			"mob/enderdragon/wings4"
		]
	},
	"mob.enderdragon.wings5": {
		"category": "hostile",
		"sounds": [
			"mob/enderdragon/wings5"
		]
	},
	"mob.enderdragon.wings6": {
		"category": "hostile",
		"sounds": [
			"mob/enderdragon/wings6"
		]
	},
	"mob.endermen.hit1": {
		"category": "hostile",
		"sounds": [
			"mob/endermen/hit1"
		]
	},
	"mob.endermen.hit2": {
		"category": "hostile",
		"sounds": [
			"mob/endermen/hit2"
		]
	},
	"mob.endermen.hit3": {
		"category": "hostile",
		"sounds": [
			"mob/endermen/hit3"
		]
	},
	"mob.endermen.hit4": {
		"category": "hostile",
		"sounds": [
			"mob/endermen/hit4"
		]
	},
	"mob.endermen.idle1": {
		"category": "hostile",
		"sounds": [
			"mob/endermen/idle1"
		]
	},
	"mob.endermen.idle2": {
		"category": "hostile",
		"sounds": [
			"mob/endermen/idle2"
		]
	},
	"mob.endermen.idle3": {
		"category": "hostile",
		"sounds": [
			"mob/endermen/idle3"
		]
	},
	"mob.endermen.idle4": {
		"category": "hostile",
		"sounds": [
			"mob/endermen/idle4"
		]
	},
	"mob.endermen.idle5": {
		"category": "hostile",
		"sounds": [
			"mob/endermen/idle5"
		]
	},
	"mob.endermen.portal1": {
		"category": "hostile",
		"sounds": [
			"mob/endermen/portal"
		]
	},
	"mob.endermen.portal2": {
		"category": "hostile",
		"sounds": [
			"mob/endermen/portal2"
		]
	},
	"mob.endermen.scream1": {
		"category": "hostile",
		"sounds": [
			"mob/endermen/scream1"
		]
	},
	"mob.endermen.scream2": {
		"category": "hostile",
		"sounds": [
			"mob/endermen/scream2"
		]
	},
	"mob.endermen.scream3": {
		"category": "hostile",
		"sounds": [
			"mob/endermen/scream3"
		]
	},
	"mob.endermen.scream4": {
		"category": "hostile",
		"sounds": [
			"mob/endermen/scream4"
		]
	},
	"mob.ghast.fireball4": {
		"category": "hostile",
		"sounds": [
			"mob/ghast/fireball4"
		]
	},
	"mob.ghast.moan1": {
		"category": "hostile",
		"sounds": [
			"mob/ghast/moan1"
		]
	},
	"mob.ghast.moan2": {
		"category": "hostile",
		"sounds": [
			"mob/ghast/moan2"
		]
	},
	"mob.ghast.moan3": {
		"category": "hostile",
		"sounds": [
			"mob/ghast/moan3"
		]
	},
	"mob.ghast.moan4": {
		"category": "hostile",
		"sounds": [
			"mob/ghast/moan4"
		]
	},
	"mob.ghast.moan5": {
		"category": "hostile",
		"sounds": [
			"mob/ghast/moan5"
		]
	},
	"mob.ghast.moan6": {
		"category": "hostile",
		"sounds": [
			"mob/ghast/moan6"
		]
	},
	"mob.ghast.moan7": {
		"category": "hostile",
		"sounds": [
			"mob/ghast/moan7"
		]
	},
	"mob.ghast.scream1": {
		"category": "hostile",
		"sounds": [
			"mob/ghast/scream1"
		]
	},
	"mob.ghast.scream2": {
		"category": "hostile",
		"sounds": [
			"mob/ghast/scream2"
		]
	},
	"mob.ghast.scream3": {
		"category": "hostile",
		"sounds": [
			"mob/ghast/scream3"
		]
	},
	"mob.ghast.scream4": {
		"category": "hostile",
		"sounds": [
			"mob/ghast/scream4"
		]
	},
	"mob.ghast.scream5": {
		"category": "hostile",
		"sounds": [
			"mob/ghast/scream5"
		]
	},
	"mob.guardian.attack_loop": {
		"category": "hostile",
		"sounds": [
			"mob/guardian/attack_loop"
		]
	},
	"mob.guardian.elder_death": {
		"category": "hostile",
		"sounds": [
			"mob/guardian/elder_death"
		]
	},
	"mob.guardian.elder_hit1": {
		"category": "hostile",
		"sounds": [
			"mob/guardian/elder_hit1"
		]
	},
	"mob.guardian.elder_hit2": {
		"category": "hostile",
		"sounds": [
			"mob/guardian/elder_hit2"
		]
	},
	"mob.guardian.elder_hit3": {
		"category": "hostile",
		"sounds": [
			"mob/guardian/elder_hit3"
		]
	},
	"mob.guardian.elder_hit4": {
		"category": "hostile",
		"sounds": [
			"mob/guardian/elder_hit4"
		]
	},
	"mob.guardian.elder_idle1": {
		"category": "hostile",
		"sounds": [
			"mob/guardian/elder_idle1"
		]
	},
	"mob.guardian.elder_idle2": {
		"category": "hostile",
		"sounds": [
			"mob/guardian/elder_idle2"
		]
	},
	"mob.guardian.elder_idle3": {
		"category": "hostile",
		"sounds": [
			"mob/guardian/elder_idle3"
		]
	},
	"mob.guardian.elder_idle4": {
		"category": "hostile",
		"sounds": [
			"mob/guardian/elder_idle4"
		]
	},
	"mob.guardian.flop1": {
		"category": "hostile",
		"sounds": [
			"mob/guardian/flop1"
		]
	},
	"mob.guardian.flop2": {
		"category": "hostile",
		"sounds": [
			"mob/guardian/flop2"
		]
	},
	"mob.guardian.flop3": {
		"category": "hostile",
		"sounds": [
			"mob/guardian/flop3"
		]
	},
	"mob.guardian.flop4": {
		"category": "hostile",
		"sounds": [
			"mob/guardian/flop4"
		]
	},
	"mob.guardian.guardian_death": {
		"category": "hostile",
		"sounds": [
			"mob/guardian/guardian_death"
		]
	},
	"mob.guardian.guardian_hit1": {
		"category": "hostile",
		"sounds": [
			"mob/guardian/guardian_hit1"
		]
	},
	"mob.guardian.guardian_hit2": {
		"category": "hostile",
		"sounds": [
			"mob/guardian/guardian_hit2"
		]
	},
	"mob.guardian.guardian_hit3": {
		"category": "hostile",
		"sounds": [
			"mob/guardian/guardian_hit3"
		]
	},
	"mob.guardian.guardian_hit4": {
		"category": "hostile",
		"sounds": [
			"mob/guardian/guardian_hit4"
		]
	},
	"mob.guardian.guardian_idle1": {
		"category": "hostile",
		"sounds": [
			{
				"name": "mob/guardian/guardian_idle1",
				"volume": 0.1
			}
		]
	},
	"mob.guardian.guardian_idle2": {
		"category": "hostile",
		"sounds": [
			{
				"name": "mob/guardian/guardian_idle2",
				"volume": 0.1
			}
		]
	},
	"mob.guardian.guardian_idle3": {
		"category": "hostile",
		"sounds": [
			{
				"name": "mob/guardian/guardian_idle3",
				"volume": 0.1
			}
		]
	},
	"mob.guardian.guardian_idle4": {
		"category": "hostile",
		"sounds": [
			{
				"name": "mob/guardian/guardian_idle4",
				"volume": 0.1
			}
		]
	},
	"mob.guardian.land_death": {
		"category": "hostile",
		"sounds": [
			"mob/guardian/land_death"
		]
	},
	"mob.guardian.land_hit1": {
		"category": "hostile",
		"sounds": [
			"mob/guardian/land_hit1"
		]
	},
	"mob.guardian.land_hit2": {
		"category": "hostile",
		"sounds": [
			"mob/guardian/land_hit2"
		]
	},
	"mob.guardian.land_hit3": {
		"category": "hostile",
		"sounds": [
			"mob/guardian/land_hit3"
		]
	},
	"mob.guardian.land_hit4": {
		"category": "hostile",
		"sounds": [
			"mob/guardian/land_hit4"
		]
	},
	"mob.guardian.land_idle1": {
		"category": "hostile",
		"sounds": [
			"mob/guardian/land_idle1"
		]
	},
	"mob.guardian.land_idle2": {
		"category": "hostile",
		"sounds": [
			"mob/guardian/land_idle2"
		]
	},
	"mob.guardian.land_idle3": {
		"category": "hostile",
		"sounds": [
			"mob/guardian/land_idle3"
		]
	},
	"mob.guardian.land_idle4": {
		"category": "hostile",
		"sounds": [
			"mob/guardian/land_idle4"
		]
	},
	"mob.horse.angry1": {
		"category": "neutral",
		"sounds": [
			"mob/horse/angry1"
		]
	},
	"mob.horse.breathe1": {
		"category": "neutral",
		"sounds": [
			"mob/horse/breathe1"
		]
	},
	"mob.horse.breathe2": {
		"category": "neutral",
		"sounds": [
			"mob/horse/breathe2"
		]
	},
	"mob.horse.breathe3": {
		"category": "neutral",
		"sounds": [
			"mob/horse/breathe3"
		]
	},
	"mob.horse.donkey.angry1": {
		"category": "neutral",
		"sounds": [
			"mob/horse/donkey/angry1"
		]
	},
	"mob.horse.donkey.angry2": {
		"category": "neutral",
		"sounds": [
			"mob/horse/donkey/angry2"
		]
	},
	"mob.horse.donkey.hit1": {
		"category": "neutral",
		"sounds": [
			"mob/horse/donkey/hit1"
		]
	},
	"mob.horse.donkey.hit2": {
		"category": "neutral",
		"sounds": [
			"mob/horse/donkey/hit2"
		]
	},
	"mob.horse.donkey.hit3": {
		"category": "neutral",
		"sounds": [
			"mob/horse/donkey/hit3"
		]
	},
	"mob.horse.donkey.idle1": {
		"category": "neutral",
		"sounds": [
			"mob/horse/donkey/idle1"
		]
	},
	"mob.horse.donkey.idle2": {
		"category": "neutral",
		"sounds": [
			"mob/horse/donkey/idle2"
		]
	},
	"mob.horse.donkey.idle3": {
		"category": "neutral",
		"sounds": [
			"mob/horse/donkey/idle3"
		]
	},
	"mob.horse.gallop1": {
		"category": "neutral",
		"sounds": [
			"mob/horse/gallop1"
		]
	},
	"mob.horse.gallop2": {
		"category": "neutral",
		"sounds": [
			"mob/horse/gallop2"
		]
	},
	"mob.horse.gallop3": {
		"category": "neutral",
		"sounds": [
			"mob/horse/gallop3"
		]
	},
	"mob.horse.gallop4": {
		"category": "neutral",
		"sounds": [
			"mob/horse/gallop4"
		]
	},
	"mob.horse.hit1": {
		"category": "neutral",
		"sounds": [
			"mob/horse/hit1"
		]
	},
	"mob.horse.hit2": {
		"category": "neutral",
		"sounds": [
			"mob/horse/hit2"
		]
	},
	"mob.horse.hit3": {
		"category": "neutral",
		"sounds": [
			"mob/horse/hit3"
		]
	},
	"mob.horse.hit4": {
		"category": "neutral",
		"sounds": [
			"mob/horse/hit4"
		]
	},
	"mob.horse.idle1": {
		"category": "neutral",
		"sounds": [
			"mob/horse/idle1"
		]
	},
	"mob.horse.idle2": {
		"category": "neutral",
		"sounds": [
			"mob/horse/idle2"
		]
	},
	"mob.horse.idle3": {
		"category": "neutral",
		"sounds": [
			"mob/horse/idle3"
		]
	},
	"mob.horse.skeleton.hit1": {
		"category": "neutral",
		"sounds": [
			"mob/horse/skeleton/hit1"
		]
	},
	"mob.horse.skeleton.hit2": {
		"category": "neutral",
		"sounds": [
			"mob/horse/skeleton/hit2"
		]
	},
	"mob.horse.skeleton.hit3": {
		"category": "neutral",
		"sounds": [
			"mob/horse/skeleton/hit3"
		]
	},
	"mob.horse.skeleton.hit4": {
		"category": "neutral",
		"sounds": [
			"mob/horse/skeleton/hit4"
		]
	},
	"mob.horse.skeleton.idle1": {
		"category": "neutral",
		"sounds": [
			"mob/horse/skeleton/idle1"
		]
	},
	"mob.horse.skeleton.idle2": {
		"category": "neutral",
		"sounds": [
			"mob/horse/skeleton/idle2"
		]
	},
	"mob.horse.skeleton.idle3": {
		"category": "neutral",
		"sounds": [
			"mob/horse/skeleton/idle3"
		]
	},
	"mob.horse.soft1": {
		"category": "neutral",
		"sounds": [
			"mob/horse/soft1"
		]
	},
	"mob.horse.soft2": {
		"category": "neutral",
		"sounds": [
			"mob/horse/soft2"
		]
	},
	"mob.horse.soft3": {
		"category": "neutral",
		"sounds": [
			"mob/horse/soft3"
		]
	},
	"mob.horse.soft4": {
		"category": "neutral",
		"sounds": [
			"mob/horse/soft4"
		]
	},
	"mob.horse.soft5": {
		"category": "neutral",
		"sounds": [
			"mob/horse/soft5"
		]
	},
	"mob.horse.soft6": {
		"category": "neutral",
		"sounds": [
			"mob/horse/soft6"
		]
	},
	"mob.horse.wood1": {
		"category": "neutral",
		"sounds": [
			"mob/horse/wood1"
		]
	},
	"mob.horse.wood2": {
		"category": "neutral",
		"sounds": [
			"mob/horse/wood2"
		]
	},
	"mob.horse.wood3": {
		"category": "neutral",
		"sounds": [
			"mob/horse/wood3"
		]
	},
	"mob.horse.wood4": {
		"category": "neutral",
		"sounds": [
			"mob/horse/wood4"
		]
	},
	"mob.horse.wood5": {
		"category": "neutral",
		"sounds": [
			"mob/horse/wood5"
		]
	},
	"mob.horse.wood6": {
		"category": "neutral",
		"sounds": [
			"mob/horse/wood6"
		]
	},
	"mob.horse.zombie.hit1": {
		"category": "neutral",
		"sounds": [
			"mob/horse/zombie/hit1"
		]
	},
	"mob.horse.zombie.hit2": {
		"category": "neutral",
		"sounds": [
			"mob/horse/zombie/hit2"
		]
	},
	"mob.horse.zombie.hit3": {
		"category": "neutral",
		"sounds": [
			"mob/horse/zombie/hit3"
		]
	},
	"mob.horse.zombie.hit4": {
		"category": "neutral",
		"sounds": [
			"mob/horse/zombie/hit4"
		]
	},
	"mob.horse.zombie.idle1": {
		"category": "neutral",
		"sounds": [
			"mob/horse/zombie/idle1"
		]
	},
	"mob.horse.zombie.idle2": {
		"category": "neutral",
		"sounds": [
			"mob/horse/zombie/idle2"
		]
	},
	"mob.horse.zombie.idle3": {
		"category": "neutral",
		"sounds": [
			"mob/horse/zombie/idle3"
		]
	},
	"mob.irongolem.hit1": {
		"category": "neutral",
		"sounds": [
			"mob/irongolem/hit1"
		]
	},
	"mob.irongolem.hit2": {
		"category": "neutral",
		"sounds": [
			"mob/irongolem/hit2"
		]
	},
	"mob.irongolem.hit3": {
		"category": "neutral",
		"sounds": [
			"mob/irongolem/hit3"
		]
	},
	"mob.irongolem.hit4": {
		"category": "neutral",
		"sounds": [
			"mob/irongolem/hit4"
		]
	},
	"mob.irongolem.walk1": {
		"category": "neutral",
		"sounds": [
			"mob/irongolem/walk1"
		]
	},
	"mob.irongolem.walk2": {
		"category": "neutral",
		"sounds": [
			"mob/irongolem/walk2"
		]
	},
	"mob.irongolem.walk3": {
		"category": "neutral",
		"sounds": [
			"mob/irongolem/walk3"
		]
	},
	"mob.irongolem.walk4": {
		"category": "neutral",
		"sounds": [
			"mob/irongolem/walk4"
		]
	},
	"mob.magmacube.big1": {
		"category": "hostile",
		"sounds": [
			"mob/magmacube/big1"
		]
	},
	"mob.magmacube.big2": {
		"category": "hostile",
		"sounds": [
			"mob/magmacube/big2"
		]
	},
	"mob.magmacube.big3": {
		"category": "hostile",
		"sounds": [
			"mob/magmacube/big3"
		]
	},
	"mob.magmacube.big4": {
		"category": "hostile",
		"sounds": [
			"mob/magmacube/big4"
		]
	},
	"mob.magmacube.jump1": {
		"category": "hostile",
		"sounds": [
			"mob/magmacube/jump1"
		]
	},
	"mob.magmacube.jump2": {
		"category": "hostile",
		"sounds": [
			"mob/magmacube/jump2"
		]
	},
	"mob.magmacube.jump3": {
		"category": "hostile",
		"sounds": [
			"mob/magmacube/jump3"
		]
	},
	"mob.magmacube.jump4": {
		"category": "hostile",
		"sounds": [
			"mob/magmacube/jump4"
		]
	},
	"mob.magmacube.small1": {
		"category": "hostile",
		"sounds": [
			"mob/magmacube/small1"
		]
	},
	"mob.magmacube.small2": {
		"category": "hostile",
		"sounds": [
			"mob/magmacube/small2"
		]
	},
	"mob.magmacube.small3": {
		"category": "hostile",
		"sounds": [
			"mob/magmacube/small3"
		]
	},
	"mob.magmacube.small4": {
		"category": "hostile",
		"sounds": [
			"mob/magmacube/small4"
		]
	},
	"mob.magmacube.small5": {
		"category": "hostile",
		"sounds": [
			"mob/magmacube/small5"
		]
	},
	"mob.pig.say1": {
		"category": "neutral",
		"sounds": [
			"mob/pig/say1"
		]
	},
	"mob.pig.say2": {
		"category": "neutral",
		"sounds": [
			"mob/pig/say2"
		]
	},
	"mob.pig.say3": {
		"category": "neutral",
		"sounds": [
			"mob/pig/say3"
		]
	},
	"mob.pig.step1": {
		"category": "neutral",
		"sounds": [
			"mob/pig/step1"
		]
	},
	"mob.pig.step2": {
		"category": "neutral",
		"sounds": [
			"mob/pig/step2"
		]
	},
	"mob.pig.step3": {
		"category": "neutral",
		"sounds": [
			"mob/pig/step3"
		]
	},
	"mob.pig.step4": {
		"category": "neutral",
		"sounds": [
			"mob/pig/step4"
		]
	},
	"mob.pig.step5": {
		"category": "neutral",
		"sounds": [
			"mob/pig/step5"
		]
	},
	"mob.rabbit.bunnymurder": {
		"category": "neutral",
		"sounds": [
			{
				"name": "mob/rabbit/bunnymurder",
				"volume": 0.5
			}
		]
	},
	"mob.rabbit.hop1": {
		"category": "neutral",
		"sounds": [
			{
				"name": "mob/rabbit/hop1",
				"volume": 0.1
			}
		]
	},
	"mob.rabbit.hop2": {
		"category": "neutral",
		"sounds": [
			{
				"name": "mob/rabbit/hop2",
				"volume": 0.1
			}
		]
	},
	"mob.rabbit.hop3": {
		"category": "neutral",
		"sounds": [
			{
				"name": "mob/rabbit/hop3",
				"volume": 0.1
			}
		]
	},
	"mob.rabbit.hop4": {
		"category": "neutral",
		"sounds": [
			{
				"name": "mob/rabbit/hop4",
				"volume": 0.1
			}
		]
	},
	"mob.rabbit.hurt1": {
		"category": "neutral",
		"sounds": [
			{
				"name": "mob/rabbit/hurt1",
				"volume": 0.5
			}
		]
	},
	"mob.rabbit.hurt2": {
		"category": "neutral",
		"sounds": [
			{
				"name": "mob/rabbit/hurt2",
				"volume": 0.5
			}
		]
	},
	"mob.rabbit.hurt3": {
		"category": "neutral",
		"sounds": [
			{
				"name": "mob/rabbit/hurt3",
				"volume": 0.5
			}
		]
	},
	"mob.rabbit.hurt4": {
		"category": "neutral",
		"sounds": [
			{
				"name": "mob/rabbit/hurt4",
				"volume": 0.5
			}
		]
	},
	"mob.rabbit.idle1": {
		"category": "neutral",
		"sounds": [
			{
				"name": "mob/rabbit/idle1",
				"volume": 0.25
			}
		]
	},
	"mob.rabbit.idle2": {
		"category": "neutral",
		"sounds": [
			{
				"name": "mob/rabbit/idle2",
				"volume": 0.25
			}
		]
	},
	"mob.rabbit.idle3": {
		"category": "neutral",
		"sounds": [
			{
				"name": "mob/rabbit/idle3",
				"volume": 0.25
			}
		]
	},
	"mob.rabbit.idle4": {
		"category": "neutral",
		"sounds": [
			{
				"name": "mob/rabbit/idle4",
				"volume": 0.25
			}
		]
	},
	"mob.sheep.say1": {
		"category": "neutral",
		"sounds": [
			"mob/sheep/say1"
		]
	},
	"mob.sheep.say2": {
		"category": "neutral",
		"sounds": [
			"mob/sheep/say2"
		]
	},
	"mob.sheep.say3": {
		"category": "neutral",
		"sounds": [
			"mob/sheep/say3"
		]
	},
	"mob.sheep.step1": {
		"category": "neutral",
		"sounds": [
			"mob/sheep/step1"
		]
	},
	"mob.sheep.step2": {
		"category": "neutral",
		"sounds": [
			"mob/sheep/step2"
		]
	},
	"mob.sheep.step3": {
		"category": "neutral",
		"sounds": [
			"mob/sheep/step3"
		]
	},
	"mob.sheep.step4": {
		"category": "neutral",
		"sounds": [
			"mob/sheep/step4"
		]
	},
	"mob.sheep.step5": {
		"category": "neutral",
		"sounds": [
			"mob/sheep/step5"
		]
	},
	"mob.silverfish.hit1": {
		"category": "hostile",
		"sounds": [
			"mob/silverfish/hit1"
		]
	},
	"mob.silverfish.hit2": {
		"category": "hostile",
		"sounds": [
			"mob/silverfish/hit2"
		]
	},
	"mob.silverfish.hit3": {
		"category": "hostile",
		"sounds": [
			"mob/silverfish/hit3"
		]
	},
	"mob.silverfish.say1": {
		"category": "hostile",
		"sounds": [
			"mob/silverfish/say1"
		]
	},
	"mob.silverfish.say2": {
		"category": "hostile",
		"sounds": [
			"mob/silverfish/say2"
		]
	},
	"mob.silverfish.say3": {
		"category": "hostile",
		"sounds": [
			"mob/silverfish/say3"
		]
	},
	"mob.silverfish.say4": {
		"category": "hostile",
		"sounds": [
			"mob/silverfish/say4"
		]
	},
	"mob.silverfish.step1": {
		"category": "hostile",
		"sounds": [
			"mob/silverfish/step1"
		]
	},
	"mob.silverfish.step2": {
		"category": "hostile",
		"sounds": [
			"mob/silverfish/step2"
		]
	},
	"mob.silverfish.step3": {
		"category": "hostile",
		"sounds": [
			"mob/silverfish/step3"
		]
	},
	"mob.silverfish.step4": {
		"category": "hostile",
		"sounds": [
			"mob/silverfish/step4"
		]
	},
	"mob.skeleton.hurt1": {
		"category": "hostile",
		"sounds": [
			"mob/skeleton/hurt1"
		]
	},
	"mob.skeleton.hurt2": {
		"category": "hostile",
		"sounds": [
			"mob/skeleton/hurt2"
		]
	},
	"mob.skeleton.hurt3": {
		"category": "hostile",
		"sounds": [
			"mob/skeleton/hurt3"
		]
	},
	"mob.skeleton.hurt4": {
		"category": "hostile",
		"sounds": [
			"mob/skeleton/hurt4"
		]
	},
	"mob.skeleton.say1": {
		"category": "hostile",
		"sounds": [
			"mob/skeleton/say1"
		]
	},
	"mob.skeleton.say2": {
		"category": "hostile",
		"sounds": [
			"mob/skeleton/say2"
		]
	},
	"mob.skeleton.say3": {
		"category": "hostile",
		"sounds": [
			"mob/skeleton/say3"
		]
	},
	"mob.skeleton.step1": {
		"category": "hostile",
		"sounds": [
			"mob/skeleton/step1"
		]
	},
	"mob.skeleton.step2": {
		"category": "hostile",
		"sounds": [
			"mob/skeleton/step2"
		]
	},
	"mob.skeleton.step3": {
		"category": "hostile",
		"sounds": [
			"mob/skeleton/step3"
		]
	},
	"mob.skeleton.step4": {
		"category": "hostile",
		"sounds": [
			"mob/skeleton/step4"
		]
	},
	"mob.slime.attack1": {
		"category": "hostile",
		"sounds": [
			"mob/slime/attack1"
		]
	},
	"mob.slime.attack2": {
		"category": "hostile",
		"sounds": [
			"mob/slime/attack2"
		]
	},
	"mob.slime.big1": {
		"category": "hostile",
		"sounds": [
			"mob/slime/big1"
		]
	},
	"mob.slime.big2": {
		"category": "hostile",
		"sounds": [
			"mob/slime/big2"
		]
	},
	"mob.slime.big3": {
		"category": "hostile",
		"sounds": [
			"mob/slime/big3"
		]
	},
	"mob.slime.big4": {
		"category": "hostile",
		"sounds": [
			"mob/slime/big4"
		]
	},
	"mob.slime.small1": {
		"category": "hostile",
		"sounds": [
			"mob/slime/small1"
		]
	},
	"mob.slime.small2": {
		"category": "hostile",
		"sounds": [
			"mob/slime/small2"
		]
	},
	"mob.slime.small3": {
		"category": "hostile",
		"sounds": [
			"mob/slime/small3"
		]
	},
	"mob.slime.small4": {
		"category": "hostile",
		"sounds": [
			"mob/slime/small4"
		]
	},
	"mob.slime.small5": {
		"category": "hostile",
		"sounds": [
			"mob/slime/small5"
		]
	},
	"mob.spider.say1": {
		"category": "hostile",
		"sounds": [
			"mob/spider/say1"
		]
	},
	"mob.spider.say2": {
		"category": "hostile",
		"sounds": [
			"mob/spider/say2"
		]
	},
	"mob.spider.say3": {
		"category": "hostile",
		"sounds": [
			"mob/spider/say3"
		]
	},
	"mob.spider.say4": {
		"category": "hostile",
		"sounds": [
			"mob/spider/say4"
		]
	},
	"mob.spider.step1": {
		"category": "hostile",
		"sounds": [
			"mob/spider/step1"
		]
	},
	"mob.spider.step2": {
		"category": "hostile",
		"sounds": [
			"mob/spider/step2"
		]
	},
	"mob.spider.step3": {
		"category": "hostile",
		"sounds": [
			"mob/spider/step3"
		]
	},
	"mob.spider.step4": {
		"category": "hostile",
		"sounds": [
			"mob/spider/step4"
		]
	},
	"mob.villager.haggle1": {
		"category": "neutral",
		"sounds": [
			"mob/villager/haggle1"
		]
	},
	"mob.villager.haggle2": {
		"category": "neutral",
		"sounds": [
			"mob/villager/haggle2"
		]
	},
	"mob.villager.haggle3": {
		"category": "neutral",
		"sounds": [
			"mob/villager/haggle3"
		]
	},
	"mob.villager.hit1": {
		"category": "neutral",
		"sounds": [
			"mob/villager/hit1"
		]
	},
	"mob.villager.hit2": {
		"category": "neutral",
		"sounds": [
			"mob/villager/hit2"
		]
	},
	"mob.villager.hit3": {
		"category": "neutral",
		"sounds": [
			"mob/villager/hit3"
		]
	},
	"mob.villager.hit4": {
		"category": "neutral",
		"sounds": [
			"mob/villager/hit4"
		]
	},
	"mob.villager.idle1": {
		"category": "neutral",
		"sounds": [
			"mob/villager/idle1"
		]
	},
	"mob.villager.idle2": {
		"category": "neutral",
		"sounds": [
			"mob/villager/idle2"
		]
	},
	"mob.villager.idle3": {
		"category": "neutral",
		"sounds": [
			"mob/villager/idle3"
		]
	},
	"mob.villager.no1": {
		"category": "neutral",
		"sounds": [
			"mob/villager/no1"
		]
	},
	"mob.villager.no2": {
		"category": "neutral",
		"sounds": [
			"mob/villager/no2"
		]
	},
	"mob.villager.no3": {
		"category": "neutral",
		"sounds": [
			"mob/villager/no3"
		]
	},
	"mob.villager.yes1": {
		"category": "neutral",
		"sounds": [
			"mob/villager/yes1"
		]
	},
	"mob.villager.yes2": {
		"category": "neutral",
		"sounds": [
			"mob/villager/yes2"
		]
	},
	"mob.villager.yes3": {
		"category": "neutral",
		"sounds": [
			"mob/villager/yes3"
		]
	},
	"mob.wither.hurt1": {
		"category": "hostile",
		"sounds": [
			"mob/wither/hurt1"
		]
	},
	"mob.wither.hurt2": {
		"category": "hostile",
		"sounds": [
			"mob/wither/hurt2"
		]
	},
	"mob.wither.hurt3": {
		"category": "hostile",
		"sounds": [
			"mob/wither/hurt3"
		]
	},
	"mob.wither.hurt4": {
		"category": "hostile",
		"sounds": [
			"mob/wither/hurt4"
		]
	},
	"mob.wither.idle1": {
		"category": "hostile",
		"sounds": [
			"mob/wither/idle1"
		]
	},
	"mob.wither.idle2": {
		"category": "hostile",
		"sounds": [
			"mob/wither/idle2"
		]
	},
	"mob.wither.idle3": {
		"category": "hostile",
		"sounds": [
			"mob/wither/idle3"
		]
	},
	"mob.wither.idle4": {
		"category": "hostile",
		"sounds": [
			"mob/wither/idle4"
		]
	},
	"mob.wolf.bark1": {
		"category": "neutral",
		"sounds": [
			"mob/wolf/bark1"
		]
	},
	"mob.wolf.bark2": {
		"category": "neutral",
		"sounds": [
			"mob/wolf/bark2"
		]
	},
	"mob.wolf.bark3": {
		"category": "neutral",
		"sounds": [
			"mob/wolf/bark3"
		]
	},
	"mob.wolf.growl1": {
		"category": "neutral",
		"sounds": [
			"mob/wolf/growl1"
		]
	},
	"mob.wolf.growl2": {
		"category": "neutral",
		"sounds": [
			"mob/wolf/growl2"
		]
	},
	"mob.wolf.growl3": {
		"category": "neutral",
		"sounds": [
			"mob/wolf/growl3"
		]
	},
	"mob.wolf.howl1": {
		"category": "neutral",
		"sounds": [
			"mob/wolf/howl1"
		]
	},
	"mob.wolf.howl2": {
		"category": "neutral",
		"sounds": [
			"mob/wolf/howl2"
		]
	},
	"mob.wolf.hurt1": {
		"category": "neutral",
		"sounds": [
			"mob/wolf/hurt1"
		]
	},
	"mob.wolf.hurt2": {
		"category": "neutral",
		"sounds": [
			"mob/wolf/hurt2"
		]
	},
	"mob.wolf.hurt3": {
		"category": "neutral",
		"sounds": [
			"mob/wolf/hurt3"
		]
	},
	"mob.wolf.step1": {
		"category": "neutral",
		"sounds": [
			"mob/wolf/step1"
		]
	},
	"mob.wolf.step2": {
		"category": "neutral",
		"sounds": [
			"mob/wolf/step2"
		]
	},
	"mob.wolf.step3": {
		"category": "neutral",
		"sounds": [
			"mob/wolf/step3"
		]
	},
	"mob.wolf.step4": {
		"category": "neutral",
		"sounds": [
			"mob/wolf/step4"
		]
	},
	"mob.wolf.step5": {
		"category": "neutral",
		"sounds": [
			"mob/wolf/step5"
		]
	},
	"mob.zombie.hurt1": {
		"category": "neutral",
		"sounds": [
			"mob/zombie/hurt1"
		]
	},
	"mob.zombie.hurt2": {
		"category": "neutral",
		"sounds": [
			"mob/zombie/hurt2"
		]
	},
	"mob.zombie.infect": {
		"category": "neutral",
		"sounds": [
			"mob/zombie/infect"
		]
	},
	"mob.zombie.metal1": {
		"category": "neutral",
		"sounds": [
			"mob/zombie/metal1"
		]
	},
	"mob.zombie.metal2": {
		"category": "neutral",
		"sounds": [
			"mob/zombie/metal2"
		]
	},
	"mob.zombie.metal3": {
		"category": "neutral",
		"sounds": [
			"mob/zombie/metal3"
		]
	},
	"mob.zombie.say1": {
		"category": "neutral",
		"sounds": [
			"mob/zombie/say1"
		]
	},
	"mob.zombie.say2": {
		"category": "neutral",
		"sounds": [
			"mob/zombie/say2"
		]
	},
	"mob.zombie.say3": {
		"category": "neutral",
		"sounds": [
			"mob/zombie/say3"
		]
	},
	"mob.zombie.step1": {
		"category": "neutral",
		"sounds": [
			"mob/zombie/step1"
		]
	},
	"mob.zombie.step2": {
		"category": "neutral",
		"sounds": [
			"mob/zombie/step2"
		]
	},
	"mob.zombie.step3": {
		"category": "neutral",
		"sounds": [
			"mob/zombie/step3"
		]
	},
	"mob.zombie.step4": {
		"category": "neutral",
		"sounds": [
			"mob/zombie/step4"
		]
	},
	"mob.zombie.step5": {
		"category": "neutral",
		"sounds": [
			"mob/zombie/step5"
		]
	},
	"mob.zombie.wood1": {
		"category": "neutral",
		"sounds": [
			"mob/zombie/wood1"
		]
	},
	"mob.zombie.wood2": {
		"category": "neutral",
		"sounds": [
			"mob/zombie/wood2"
		]
	},
	"mob.zombie.wood3": {
		"category": "neutral",
		"sounds": [
			"mob/zombie/wood3"
		]
	},
	"mob.zombie.wood4": {
		"category": "neutral",
		"sounds": [
			"mob/zombie/wood4"
		]
	},
	"mob.zombiepig.zpig1": {
		"category": "hostile",
		"sounds": [
			"mob/zombiepig/zpig1"
		]
	},
	"mob.zombiepig.zpig2": {
		"category": "hostile",
		"sounds": [
			"mob/zombiepig/zpig2"
		]
	},
	"mob.zombiepig.zpig3": {
		"category": "hostile",
		"sounds": [
			"mob/zombiepig/zpig3"
		]
	},
	"mob.zombiepig.zpig4": {
		"category": "hostile",
		"sounds": [
			"mob/zombiepig/zpig4"
		]
	},
	"mob.zombiepig.zpigangry1": {
		"category": "hostile",
		"sounds": [
			"mob/zombiepig/zpigangry1"
		]
	},
	"mob.zombiepig.zpigangry2": {
		"category": "hostile",
		"sounds": [
			"mob/zombiepig/zpigangry2"
		]
	},
	"mob.zombiepig.zpigangry3": {
		"category": "hostile",
		"sounds": [
			"mob/zombiepig/zpigangry3"
		]
	},
	"mob.zombiepig.zpigangry4": {
		"category": "hostile",
		"sounds": [
			"mob/zombiepig/zpigangry4"
		]
	},
	"mob.zombiepig.zpighurt1": {
		"category": "hostile",
		"sounds": [
			"mob/zombiepig/zpighurt1"
		]
	},
	"mob.zombiepig.zpighurt2": {
		"category": "hostile",
		"sounds": [
			"mob/zombiepig/zpighurt2"
		]
	},
	"music.game.calm1": {
		"sounds": [
			{
				"name": "music/game/calm1",
				"stream": true
			}
		]
	},
	"music.game.calm2": {
		"sounds": [
			{
				"name": "music/game/calm2",
				"stream": true
			}
		]
	},
	"music.game.calm3": {
		"sounds": [
			{
				"name": "music/game/calm3",
				"stream": true
			}
		]
	},
	"music.game.creative.creative1": {
		"sounds": [
			{
				"name": "music/game/creative/creative1",
				"stream": true
			}
		]
	},
	"music.game.creative.creative2": {
		"sounds": [
			{
				"name": "music/game/creative/creative2",
				"stream": true
			}
		]
	},
	"music.game.creative.creative3": {
		"sounds": [
			{
				"name": "music/game/creative/creative3",
				"stream": true
			}
		]
	},
	"music.game.creative.creative4": {
		"sounds": [
			{
				"name": "music/game/creative/creative4",
				"stream": true
			}
		]
	},
	"music.game.creative.creative5": {
		"sounds": [
			{
				"name": "music/game/creative/creative5",
				"stream": true
			}
		]
	},
	"music.game.creative.creative6": {
		"sounds": [
			{
				"name": "music/game/creative/creative6",
				"stream": true
			}
		]
	},
	"music.game.end.boss": {
		"sounds": [
			{
				"name": "music/game/end/boss",
				"stream": true
			}
		]
	},
	"music.game.end.end": {
		"sounds": [
			{
				"name": "music/game/end/end",
				"stream": true
			}
		]
	},
	"music.game.hal1": {
		"sounds": [
			{
				"name": "music/game/hal1",
				"stream": true
			}
		]
	},
	"music.game.hal2": {
		"sounds": [
			{
				"name": "music/game/hal2",
				"stream": true
			}
		]
	},
	"music.game.hal3": {
		"sounds": [
			{
				"name": "music/game/hal3",
				"stream": true
			}
		]
	},
	"music.game.hal4": {
		"sounds": [
			{
				"name": "music/game/hal4",
				"stream": true
			}
		]
	},
	"music.game.nether.nether1": {
		"sounds": [
			{
				"name": "music/game/nether/nether1",
				"stream": true
			}
		]
	},
	"music.game.nether.nether2": {
		"sounds": [
			{
				"name": "music/game/nether/nether2",
				"stream": true
			}
		]
	},
	"music.game.nether.nether3": {
		"sounds": [
			{
				"name": "music/game/nether/nether3",
				"stream": true
			}
		]
	},
	"music.game.nether.nether4": {
		"sounds": [
			{
				"name": "music/game/nether/nether4",
				"stream": true
			}
		]
	},
	"music.game.nuance1": {
		"sounds": [
			{
				"name": "music/game/nuance1",
				"stream": true
			}
		]
	},
	"music.game.nuance2": {
		"sounds": [
			{
				"name": "music/game/nuance2",
				"stream": true
			}
		]
	},
	"music.game.piano1": {
		"sounds": [
			{
				"name": "music/game/piano1",
				"stream": true
			}
		]
	},
	"music.game.piano2": {
		"sounds": [
			{
				"name": "music/game/piano2",
				"stream": true
			}
		]
	},
	"music.game.piano3": {
		"sounds": [
			{
				"name": "music/game/piano3",
				"stream": true
			}
		]
	},
	"music.menu.menu1": {
		"sounds": [
			{
				"name": "music/menu/menu1",
				"stream": true
			}
		]
	},
	"music.menu.menu2": {
		"sounds": [
			{
				"name": "music/menu/menu2",
				"stream": true
			}
		]
	},
	"music.menu.menu3": {
		"sounds": [
			{
				"name": "music/menu/menu3",
				"stream": true
			}
		]
	},
	"music.menu.menu4": {
		"sounds": [
			{
				"name": "music/menu/menu4",
				"stream": true
			}
		]
	},
	"random.bowhit1": {
		"category": "neutral",
		"sounds": [
			"random/bowhit1"
		]
	},
	"random.bowhit2": {
		"category": "neutral",
		"sounds": [
			"random/bowhit2"
		]
	},
	"random.bowhit3": {
		"category": "neutral",
		"sounds": [
			"random/bowhit3"
		]
	},
	"random.bowhit4": {
		"category": "neutral",
		"sounds": [
			"random/bowhit4"
		]
	},
	"random.eat1": {
		"category": "player",
		"sounds": [
			"random/eat1"
		]
	},
	"random.eat2": {
		"category": "player",
		"sounds": [
			"random/eat2"
		]
	},
	"random.eat3": {
		"category": "player",
		"sounds": [
			"random/eat3"
		]
	},
	"random.explode1": {
		"category": "block",
		"sounds": [
			"random/explode1"
		]
	},
	"random.explode2": {
		"category": "block",
		"sounds": [
			"random/explode2"
		]
	},
	"random.explode3": {
		"category": "block",
		"sounds": [
			"random/explode3"
		]
	},
	"random.explode4": {
		"category": "block",
		"sounds": [
			"random/explode4"
		]
	},
	"random.fuse": {
		"category": "block",
		"sounds": [
			"random/fuse"
		]
	},
	"random.glass1": {
		"category": "block",
		"sounds": [
			"random/glass1"
		]
	},
	"random.glass2": {
		"category": "block",
		"sounds": [
			"random/glass2"
		]
	},
	"random.glass3": {
		"category": "block",
		"sounds": [
			"random/glass3"
		]
	},
	"step.cloth1": {
		"category": "neutral",
		"sounds": [
			"step/cloth1"
		]
	},
	"step.cloth2": {
		"category": "neutral",
		"sounds": [
			"step/cloth2"
		]
	},
	"step.cloth3": {
		"category": "neutral",
		"sounds": [
			"step/cloth3"
		]
	},
	"step.cloth4": {
		"category": "neutral",
		"sounds": [
			"step/cloth4"
		]
	},
	"step.grass1": {
		"category": "neutral",
		"sounds": [
			"step/grass1"
		]
	},
	"step.grass2": {
		"category": "neutral",
		"sounds": [
			"step/grass2"
		]
	},
	"step.grass3": {
		"category": "neutral",
		"sounds": [
			"step/grass3"
		]
	},
	"step.grass4": {
		"category": "neutral",
		"sounds": [
			"step/grass4"
		]
	},
	"step.grass5": {
		"category": "neutral",
		"sounds": [
			"step/grass5"
		]
	},
	"step.grass6": {
		"category": "neutral",
		"sounds": [
			"step/grass6"
		]
	},
	"step.gravel1": {
		"category": "neutral",
		"sounds": [
			"step/gravel1"
		]
	},
	"step.gravel2": {
		"category": "neutral",
		"sounds": [
			"step/gravel2"
		]
	},
	"step.gravel3": {
		"category": "neutral",
		"sounds": [
			"step/gravel3"
		]
	},
	"step.gravel4": {
		"category": "neutral",
		"sounds": [
			"step/gravel4"
		]
	},
	"step.ladder1": {
		"category": "neutral",
		"sounds": [
			"step/ladder1"
		]
	},
	"step.ladder2": {
		"category": "neutral",
		"sounds": [
			"step/ladder2"
		]
	},
	"step.ladder3": {
		"category": "neutral",
		"sounds": [
			"step/ladder3"
		]
	},
	"step.ladder4": {
		"category": "neutral",
		"sounds": [
			"step/ladder4"
		]
	},
	"step.ladder5": {
		"category": "neutral",
		"sounds": [
			"step/ladder5"
		]
	},
	"step.sand1": {
		"category": "neutral",
		"sounds": [
			"step/sand1"
		]
	},
	"step.sand2": {
		"category": "neutral",
		"sounds": [
			"step/sand2"
		]
	},
	"step.sand3": {
		"category": "neutral",
		"sounds": [
			"step/sand3"
		]
	},
	"step.sand4": {
		"category": "neutral",
		"sounds": [
			"step/sand4"
		]
	},
	"step.sand5": {
		"category": "neutral",
		"sounds": [
			"step/sand5"
		]
	},
	"step.snow1": {
		"category": "neutral",
		"sounds": [
			"step/snow1"
		]
	},
	"step.snow2": {
		"category": "neutral",
		"sounds": [
			"step/snow2"
		]
	},
	"step.snow3": {
		"category": "neutral",
		"sounds": [
			"step/snow3"
		]
	},
	"step.snow4": {
		"category": "neutral",
		"sounds": [
			"step/snow4"
		]
	},
	"step.stone1": {
		"category": "neutral",
		"sounds": [
			"step/stone1"
		]
	},
	"step.stone2": {
		"category": "neutral",
		"sounds": [
			"step/stone2"
		]
	},
	"step.stone3": {
		"category": "neutral",
		"sounds": [
			"step/stone3"
		]
	},
	"step.stone4": {
		"category": "neutral",
		"sounds": [
			"step/stone4"
		]
	},
	"step.stone5": {
		"category": "neutral",
		"sounds": [
			"step/stone5"
		]
	},
	"step.stone6": {
		"category": "neutral",
		"sounds": [
			"step/stone6"
		]
	},
	"step.wood1": {
		"category": "neutral",
		"sounds": [
			"step/wood1"
		]
	},
	"step.wood2": {
		"category": "neutral",
		"sounds": [
			"step/wood2"
		]
	},
	"step.wood3": {
		"category": "neutral",
		"sounds": [
			"step/wood3"
		]
	},
	"step.wood4": {
		"category": "neutral",
		"sounds": [
			"step/wood4"
		]
	},
	"step.wood5": {
		"category": "neutral",
		"sounds": [
			"step/wood5"
		]
	},
	"step.wood6": {
		"category": "neutral",
		"sounds": [
			"step/wood6"
		]
	}
}